{
  "timestamp": "2025-12-11T18:39:30.378Z",
  "tokenomics_parameters": {
    "parameter": [
      "Total Token Supply",
      "Initial Staking Ratio",
      "Base Reward per Report",
      "Reward Decay Rate",
      "Slashing Penalty",
      "Minimum Stake Amount",
      "Blocks per Year",
      "Base Attack Cost",
      "Cost per Sybil Node"
    ],
    "value": [
      "1,000,000,000",
      "30.0%",
      "0.1 tokens",
      "5.0%",
      "10.0%",
      "100 tokens",
      "2,628,000",
      "$1000",
      "$50"
    ],
    "description": [
      "Total ORA tokens in circulation",
      "Percentage of tokens initially staked by validators",
      "Base reward for valid threat reports",
      "Annual decay rate of rewards",
      "Penalty for malicious behavior",
      "Minimum stake required to become validator",
      "Number of blocks per year",
      "Base cost to perform an attack",
      "Additional cost per sybil node created"
    ]
  },
  "attack_simulation": {
    "sybil_node_counts": [
      1,
      11,
      21,
      31,
      41,
      51,
      61,
      71,
      81,
      91,
      101,
      111,
      121,
      131,
      141,
      151,
      161,
      171,
      181,
      191,
      201,
      211,
      221,
      231,
      241,
      251,
      261,
      271,
      281,
      291,
      301,
      311,
      321,
      331,
      341,
      351,
      361,
      371,
      381,
      391,
      401,
      411,
      421,
      431,
      441,
      451,
      461,
      471,
      481,
      491
    ],
    "attack_costs": [
      1050,
      1550,
      2050,
      2550,
      3050,
      3550,
      4050,
      4550,
      5050,
      5550,
      6050,
      6550,
      7050,
      7550,
      8050,
      8550,
      9050,
      9550,
      10050,
      10550,
      11050,
      11550,
      12050,
      12550,
      13050,
      13550,
      14050,
      14550,
      15050,
      15550,
      16050,
      16550,
      17050,
      17550,
      18050,
      18550,
      19050,
      19550,
      20050,
      20550,
      21050,
      21550,
      22050,
      22550,
      23050,
      23550,
      24050,
      24550,
      25050,
      25550
    ],
    "potential_rewards": [
      7.82,
      66.22000000000001,
      88.62,
      75.01999999999998,
      25.419999999999987,
      -60.18000000000001,
      -181.77999999999997,
      -339.37999999999994,
      -532.98,
      -762.58,
      -919.0999999999999,
      -1010.0999999999999,
      -1101.1,
      -1192.1,
      -1283.1,
      -1374.1,
      -1465.1,
      -1556.1,
      -1647.1,
      -1738.1,
      -1829.1,
      -1920.1,
      -2011.1,
      -2102.1,
      -2193.1,
      -2284.1,
      -2375.1,
      -2466.1,
      -2557.1,
      -2648.1,
      -2739.1,
      -2830.1,
      -2921.1,
      -3012.1,
      -3103.1,
      -3194.1,
      -3285.1,
      -3376.1,
      -3467.1,
      -3558.1,
      -3649.1,
      -3740.1,
      -3831.1,
      -3922.1,
      -4013.1,
      -4104.099999999999,
      -4195.099999999999,
      -4286.099999999999,
      -4377.099999999999,
      -4468.099999999999
    ],
    "net_profits": [
      -1042.18,
      -1483.78,
      -1961.38,
      -2474.98,
      -3024.58,
      -3610.18,
      -4231.78,
      -4889.38,
      -5582.98,
      -6312.58,
      -6969.1,
      -7560.1,
      -8151.1,
      -8742.1,
      -9333.1,
      -9924.1,
      -10515.1,
      -11106.1,
      -11697.1,
      -12288.1,
      -12879.1,
      -13470.1,
      -14061.1,
      -14652.1,
      -15243.1,
      -15834.1,
      -16425.1,
      -17016.1,
      -17607.1,
      -18198.1,
      -18789.1,
      -19380.1,
      -19971.1,
      -20562.1,
      -21153.1,
      -21744.1,
      -22335.1,
      -22926.1,
      -23517.1,
      -24108.1,
      -24699.1,
      -25290.1,
      -25881.1,
      -26472.1,
      -27063.1,
      -27654.1,
      -28245.1,
      -28836.1,
      -29427.1,
      -30018.1
    ],
    "break_even_point": 1
  },
  "per_attack_type_performance": {
    "attack_type": [
      "DDoS",
      "XSS",
      "SQLi",
      "Phishing",
      "Malware",
      "BruteForce"
    ],
    "precision": [
      0.7961,
      0.7032,
      0.7055,
      0.6901,
      0.686,
      0.7308
    ],
    "recall": [
      0.9092,
      0.8031,
      0.8057,
      0.7881,
      0.7835,
      0.8346
    ],
    "f1_score": [
      0.8489,
      0.7498,
      0.7523,
      0.7358,
      0.7315,
      0.7792
    ],
    "false_positive_rate": [
      0.0516,
      0.0455,
      0.0457,
      0.0447,
      0.0444,
      0.0473
    ],
    "detection_rate": [
      0.9092,
      0.8031,
      0.8057,
      0.7881,
      0.7835,
      0.8346
    ]
  }
}