{
  "performance": {
    "latency": {
      "mean": 51.26113333333333,
      "variance": 2624.0921876088887,
      "p50": 51.2328,
      "p95": 102.55425,
      "p99": 102.58445,
      "min": 0.0334,
      "max": 102.592,
      "count": 6,
      "std": 51.22589372191459
    },
    "throughput": {
      "mean": 14216.793333333333,
      "variance": 202796268.7900556,
      "p50": 13302.75,
      "p95": 29638.997499999998,
      "p99": 29879.8955,
      "min": 9.75,
      "max": 29940.12,
      "count": 6,
      "std": 14240.655490182171
    }
  },
  "accuracy": {
    "precision": {
      "mean": 0.76246615822908,
      "variance": 1.937445317691309e-05,
      "std": 0.004401642100047787,
      "min": 0.7580645161290323,
      "max": 0.7668678003291278,
      "count": 2
    },
    "recall": {
      "mean": 0.9078132111104342,
      "variance": 1.2560854690971748e-05,
      "std": 0.0035441296097873942,
      "min": 0.9042690815006468,
      "max": 0.9113573407202216,
      "count": 2
    },
    "f1": {
      "mean": 0.8287964067496654,
      "variance": 1.2621416434494223e-06,
      "std": 0.0011234507748225653,
      "min": 0.8276729559748428,
      "max": 0.8299198575244879,
      "count": 2
    }
  },
  "security": {
    "sybil_suppression": {
      "mean": 0.9988806952792392,
      "variance": 1.659289525824076e-07,
      "std": 0.00040734377690399004,
      "p95": 0.9992473046784528,
      "min": 0.9984733515023352,
      "max": 0.9992880390561432,
      "count": 2
    },
    "sybil_detection": {
      "mean": 1.0,
      "variance": 0.0,
      "std": 0.0,
      "min": 1.0,
      "max": 1.0,
      "count": 2
    },
    "attack_success_rate": {
      "mean": 0.0496802098046652,
      "variance": 3.5028732019721417e-07,
      "std": 0.0005918507583818865,
      "p95": 0.050212875487208895,
      "min": 0.04908835904628331,
      "max": 0.05027206056304708,
      "count": 2
    }
  }
}