{
  "testRun": "2025-12-11T22:08:16.522Z",
  "precisionRecallTest": {
    "totalEvents": 10000,
    "truePositives": 1398,
    "trueNegatives": 8029,
    "falsePositives": 425,
    "falseNegatives": 148,
    "precision": 0.7668678003291278,
    "recall": 0.9042690815006468,
    "f1Score": 0.8299198575244879,
    "specificity": 0.9497279394369529,
    "accuracy": 0.9427,
    "falsePositiveRate": 0.05027206056304708,
    "falseNegativeRate": 0.09573091849935317
  },
  "sybilResistanceTest": {
    "totalRounds": 10,
    "finalHonestReputation": 0.9832000000000054,
    "finalSybilReputation": 0.0007000000000000001,
    "sybilSuppressionRate": 0.9992880390561432,
    "sybilDetectionRate": 1,
    "overallResistanceScore": 0.9995016273393003
  },
  "summary": {
    "precision": 0.7668678003291278,
    "recall": 0.9042690815006468,
    "falsePositiveRate": 0.05027206056304708,
    "sybilSuppressionRate": 0.9992880390561432
  }
}